file,activitytaskstarted,localactivitymarker,workflowexecutionsignaled,externalworkflowexecutionsignaled,timerstarted
ChildOnboard-WIND_NET_802.1X_1.0_Release_Notes__047be427-6be6-4fc3-b376-da1abf0de283.json,     600,       0,       0,       0,       0
ChildOnboard-WIND_NET_802.1X_1.0_Release_Notes__13aa073a-4dc8-4d35-be9f-7dd4de82e747.json,     600,       0,       0,       0,       0
ChildOnboard-WIND_NET_802.1X_1.0_Release_Notes__19edf3e6-8f6d-4904-a6c2-67bec62e4ccd.json,     600,       0,       0,       0,       0
ChildOnboard-WIND_NET_802.1X_1.0_Release_Notes__1c704990-2d2b-4107-ae52-6c7e20a303fb.json,     600,       0,       0,       0,       0
ChildOnboard-WIND_NET_802.1X_1.0_Release_Notes__206208e0-e8c8-4b21-b373-62b518567c1b.json,     600,       0,       0,       0,       0
ChildOnboard-WIND_NET_802.1X_1.0_Release_Notes__2315cf4b-d08b-425b-bcf0-61cbd1cbebf5.json,     600,       0,       0,       0,       0
ChildOnboard-WIND_NET_802.1X_1.0_Release_Notes__295f18db-3a15-4947-8f86-c06ed2f16550.json,     600,       0,       0,       0,       0
ChildOnboard-WIND_NET_802.1X_1.0_Release_Notes__299110fa-cb52-4140-8b2b-81a64bf7c059.json,     348,       0,       0,       0,       0
ChildOnboard-WIND_NET_802.1X_1.0_Release_Notes__31235cb3-36f6-47f2-a3ea-b72428e156b1.json,     600,       0,       0,       0,       0
ChildOnboard-WIND_NET_802.1X_1.0_Release_Notes__39db3fd2-75a9-4199-83b8-e02b6e326cf0.json,     600,       0,       0,       0,       0
ChildOnboard-WIND_NET_802.1X_1.0_Release_Notes__3fb85c2c-16aa-4e80-83df-cbd941fa7b8d.json,     600,       0,       0,       0,       0
ChildOnboard-WIND_NET_802.1X_1.0_Release_Notes__482975bf-918f-4343-91ab-425d7d12cb46.json,     600,       0,       0,       0,       0
ChildOnboard-WIND_NET_802.1X_1.0_Release_Notes__5e87dcd4-39ab-4bd9-b59d-e885e7664e1e.json,     600,       0,       0,       0,       0
ChildOnboard-WIND_NET_802.1X_1.0_Release_Notes__61c04f8e-95ea-4720-b019-fa4327f43132.json,     600,       0,       0,       0,       0
ChildOnboard-WIND_NET_802.1X_1.0_Release_Notes__6478f59a-e0bd-4a9f-827d-9d79974c9936.json,     600,       0,       0,       0,       0
ChildOnboard-WIND_NET_802.1X_1.0_Release_Notes__667d8f8a-dbfc-4576-87ba-514cd3582db0.json,     600,       0,       0,       0,       0
ChildOnboard-WIND_NET_802.1X_1.0_Release_Notes__6b758c6a-dce3-49eb-98e5-217c69f93cc2.json,     600,       0,       0,       0,       0
ChildOnboard-WIND_NET_802.1X_1.0_Release_Notes__8b2a1722-04b3-41b0-b879-e7b8cf8fd1f4.json,     600,       0,       0,       0,       0
ChildOnboard-WIND_NET_802.1X_1.0_Release_Notes__8cd2f0de-e586-4399-a218-ee8c2cee6ebd.json,     600,       0,       0,       0,       0
ChildOnboard-WIND_NET_802.1X_1.0_Release_Notes__8edf42eb-c33b-456f-bc7a-dc08f7aff214.json,     600,       0,       0,       0,       0
ChildOnboard-WIND_NET_802.1X_1.0_Release_Notes__946d79d3-c101-4335-a3e4-92823130b7c8.json,     600,       0,       0,       0,       0
ChildOnboard-WIND_NET_802.1X_1.0_Release_Notes__9bd4d779-ed05-4136-8007-b2caba10e106.json,     600,       0,       0,       0,       0
ChildOnboard-WIND_NET_802.1X_1.0_Release_Notes__abe81d38-91d7-4f8c-a099-4212d18ca1c5.json,     600,       0,       0,       0,       0
ChildOnboard-WIND_NET_802.1X_1.0_Release_Notes__b0dc45fc-b3cd-4870-b17c-cef7ad267505.json,     600,       0,       0,       0,       0
ChildOnboard-WIND_NET_802.1X_1.0_Release_Notes__c3ceb287-9346-4a49-9f9c-300039f58502.json,     600,       0,       0,       0,       0
ChildOnboard-WIND_NET_802.1X_1.0_Release_Notes__c736470f-d272-4b6e-98f6-a92b1637fc16.json,     600,       0,       0,       0,       0
ChildOnboard-WIND_NET_802.1X_1.0_Release_Notes__cba0ee45-f473-4612-800d-8280863a8501.json,     600,       0,       0,       0,       0
ChildOnboard-WIND_NET_802.1X_1.0_Release_Notes__d1ee917b-a7c8-481d-9b73-9d83088aec2a.json,     600,       0,       0,       0,       0
ChildOnboard-WIND_NET_802.1X_1.0_Release_Notes__d4773d9d-986f-46fe-97bb-913f63fed8a7.json,     600,       0,       0,       0,       0
ChildOnboard-WIND_NET_802.1X_1.0_Release_Notes__d5697cfe-b8d6-42eb-b976-bdd6cf1d5b9c.json,     600,       0,       0,       0,       0
ChildOnboard-WIND_NET_802.1X_1.0_Release_Notes__e04964b9-a819-4fbf-9aac-e7c2f85994bd.json,     600,       0,       0,       0,       0
ChildOnboard-WIND_NET_802.1X_1.0_Release_Notes__e30d3971-1f78-4bc3-9d1f-479d1485205f.json,     600,       0,       0,       0,       0
ChildOnboard-WIND_NET_802.1X_1.0_Release_Notes__e7c03a4d-538b-4afc-a339-8bb0ac37fc08.json,     600,       0,       0,       0,       0
ChildOnboard-WIND_NET_802.1X_1.0_Release_Notes__e827386e-9be9-415e-a31d-4e0810d663c4.json,     600,       0,       0,       0,       0
ChildOnboard-WIND_NET_802.1X_1.0_Release_Notes__e9ef97af-d825-41d2-bf84-d51b5c800a2f.json,     600,       0,       0,       0,       0
ChildOnboard-WIND_NET_802.1X_1.0_Release_Notes__ef9689b1-b272-4355-8b8b-3f00155efe35.json,     600,       0,       0,       0,       0
ChildOnboard-WIND_NET_802.1X_1.0_Release_Notes__f97bdd09-c578-4d7d-9943-c1af68c2595a.json,     600,       0,       0,       0,       0
ChildOnboard-WIND_NET_802.1X_1.0_Release_Notes__f9de15b0-806d-4842-81fb-7aedb320d315.json,     600,       0,       0,       0,       0
ChildOnboard-WIND_NET_802.1X_1.0_Release_Notes__fdab0cd4-ba1f-4c83-bf9b-7842b86bdfba.json,     600,       0,       0,       0,       0
ChildOnboard-Wind_River_Workbench_Code_Coverage_Analyzer_By_Example_3.3_Edition_6_for_Update_Pack_4_1__00f1801b-7b20-42b4-8dfc-52d5d6091087.json,     600,       0,       0,       0,       0
ChildOnboard-Wind_River_Workbench_Code_Coverage_Analyzer_By_Example_3.3_Edition_6_for_Update_Pack_4_1__0495686f-b4a4-44ed-ae8a-84206e98002d.json,     600,       0,       0,       0,       0
ChildOnboard-Wind_River_Workbench_Code_Coverage_Analyzer_By_Example_3.3_Edition_6_for_Update_Pack_4_1__0c618650-e01d-4bfb-86fd-fc68b9c0859a.json,     600,       0,       0,       0,       0
ChildOnboard-Wind_River_Workbench_Code_Coverage_Analyzer_By_Example_3.3_Edition_6_for_Update_Pack_4_1__0c6b9a17-5a55-41db-aa56-02bdab56fbd4.json,     600,       0,       0,       0,       0
ChildOnboard-Wind_River_Workbench_Code_Coverage_Analyzer_By_Example_3.3_Edition_6_for_Update_Pack_4_1__0f70f961-94ed-4ed8-9b1d-6c3ef05f76a2.json,     600,       0,       0,       0,       0
ChildOnboard-Wind_River_Workbench_Code_Coverage_Analyzer_By_Example_3.3_Edition_6_for_Update_Pack_4_1__1ad5adcd-f19f-4e2f-a699-f30a6847432c.json,     600,       0,       0,       0,       0
ChildOnboard-Wind_River_Workbench_Code_Coverage_Analyzer_By_Example_3.3_Edition_6_for_Update_Pack_4_1__224d3034-6ad6-4b55-9698-706261ec0993.json,     600,       0,       0,       0,       0
ChildOnboard-Wind_River_Workbench_Code_Coverage_Analyzer_By_Example_3.3_Edition_6_for_Update_Pack_4_1__29f70125-bfb4-4596-88a5-70bc406ce669.json,     600,       0,       0,       0,       0
ChildOnboard-Wind_River_Workbench_Code_Coverage_Analyzer_By_Example_3.3_Edition_6_for_Update_Pack_4_1__3d57e0fe-49f9-4d7c-95c7-16cb1d4dff29.json,     600,       0,       0,       0,       0
ChildOnboard-Wind_River_Workbench_Code_Coverage_Analyzer_By_Example_3.3_Edition_6_for_Update_Pack_4_1__46c19310-80c1-43e6-89d6-a77d4f98e953.json,     600,       0,       0,       0,       0
ChildOnboard-Wind_River_Workbench_Code_Coverage_Analyzer_By_Example_3.3_Edition_6_for_Update_Pack_4_1__4899ce59-6120-44a9-9383-21c336c6c1c6.json,     600,       0,       0,       0,       0
ChildOnboard-Wind_River_Workbench_Code_Coverage_Analyzer_By_Example_3.3_Edition_6_for_Update_Pack_4_1__4bb0b012-8b16-42de-8d84-0a7df324a8d0.json,     600,       0,       0,       0,       0
ChildOnboard-Wind_River_Workbench_Code_Coverage_Analyzer_By_Example_3.3_Edition_6_for_Update_Pack_4_1__4f8c94d8-abc6-45d0-be56-e9a95f19992f.json,     600,       0,       0,       0,       0
ChildOnboard-Wind_River_Workbench_Code_Coverage_Analyzer_By_Example_3.3_Edition_6_for_Update_Pack_4_1__5d1215cd-bd76-4a2e-ac81-98dc355f9ef7.json,     600,       0,       0,       0,       0
ChildOnboard-Wind_River_Workbench_Code_Coverage_Analyzer_By_Example_3.3_Edition_6_for_Update_Pack_4_1__6546ab8e-fae8-4466-86a7-5b6bf7c06a51.json,     600,       0,       0,       0,       0
ChildOnboard-Wind_River_Workbench_Code_Coverage_Analyzer_By_Example_3.3_Edition_6_for_Update_Pack_4_1__6a677c96-529a-4c62-83ae-a892c45402f0.json,     600,       0,       0,       0,       0
ChildOnboard-Wind_River_Workbench_Code_Coverage_Analyzer_By_Example_3.3_Edition_6_for_Update_Pack_4_1__6d11e2eb-6049-4cb1-af37-dc63a2d6f008.json,     600,       0,       0,       0,       0
ChildOnboard-Wind_River_Workbench_Code_Coverage_Analyzer_By_Example_3.3_Edition_6_for_Update_Pack_4_1__7214e9f0-f8da-4917-b728-5a1be859ecab.json,     600,       0,       0,       0,       0
ChildOnboard-Wind_River_Workbench_Code_Coverage_Analyzer_By_Example_3.3_Edition_6_for_Update_Pack_4_1__7d4d21b5-0331-42da-8296-d84f83491ad0.json,     600,       0,       0,       0,       0
ChildOnboard-Wind_River_Workbench_Code_Coverage_Analyzer_By_Example_3.3_Edition_6_for_Update_Pack_4_1__86a208eb-fb21-4c82-9ca8-c85bbd124dc7.json,     600,       0,       0,       0,       0
ChildOnboard-Wind_River_Workbench_Code_Coverage_Analyzer_By_Example_3.3_Edition_6_for_Update_Pack_4_1__93ed0171-9734-4176-a8c2-4cbe2224ab4c.json,     600,       0,       0,       0,       0
ChildOnboard-Wind_River_Workbench_Code_Coverage_Analyzer_By_Example_3.3_Edition_6_for_Update_Pack_4_1__967ab5f0-d657-4c7e-96bb-7cc5056ea7a8.json,     600,       0,       0,       0,       0
ChildOnboard-Wind_River_Workbench_Code_Coverage_Analyzer_By_Example_3.3_Edition_6_for_Update_Pack_4_1__984ac320-fbd5-499d-b284-f1dc69d53569.json,     600,       0,       0,       0,       0
ChildOnboard-Wind_River_Workbench_Code_Coverage_Analyzer_By_Example_3.3_Edition_6_for_Update_Pack_4_1__986c82fb-383a-48cc-a8a3-fa30274a564a.json,     600,       0,       0,       0,       0
ChildOnboard-Wind_River_Workbench_Code_Coverage_Analyzer_By_Example_3.3_Edition_6_for_Update_Pack_4_1__993e4265-4a0c-4273-b189-69d39759bef5.json,     336,       0,       0,       0,       0
ChildOnboard-Wind_River_Workbench_Code_Coverage_Analyzer_By_Example_3.3_Edition_6_for_Update_Pack_4_1__a2f5b3f1-f421-4901-88e4-6918d9abde98.json,     600,       0,       0,       0,       0
ChildOnboard-Wind_River_Workbench_Code_Coverage_Analyzer_By_Example_3.3_Edition_6_for_Update_Pack_4_1__a6c3747e-f6af-4dd9-83db-701f8213834e.json,     600,       0,       0,       0,       0
ChildOnboard-Wind_River_Workbench_Code_Coverage_Analyzer_By_Example_3.3_Edition_6_for_Update_Pack_4_1__bcd2702b-340e-4178-845e-2c75f2d097d9.json,     600,       0,       0,       0,       0
ChildOnboard-Wind_River_Workbench_Code_Coverage_Analyzer_By_Example_3.3_Edition_6_for_Update_Pack_4_1__c5fe1150-b37d-47ba-a32d-63e4e88c294b.json,     600,       0,       0,       0,       0
ChildOnboard-Wind_River_Workbench_Code_Coverage_Analyzer_By_Example_3.3_Edition_6_for_Update_Pack_4_1__cdcd2847-eda4-43a1-adba-4abcf9f42bd5.json,     600,       0,       0,       0,       0
ChildOnboard-Wind_River_Workbench_Code_Coverage_Analyzer_By_Example_3.3_Edition_6_for_Update_Pack_4_1__d403265e-b81a-4fcc-a9ad-09b0d54f20c6.json,     600,       0,       0,       0,       0
ChildOnboard-Wind_River_Workbench_Code_Coverage_Analyzer_By_Example_3.3_Edition_6_for_Update_Pack_4_1__d5fc1be3-4d7b-42e8-8526-bfceca009807.json,     600,       0,       0,       0,       0
ChildOnboard-Wind_River_Workbench_Code_Coverage_Analyzer_By_Example_3.3_Edition_6_for_Update_Pack_4_1__daa9ed9f-0aa9-4f57-b23e-1414707a3e72.json,     600,       0,       0,       0,       0
ChildOnboard-Wind_River_Workbench_Code_Coverage_Analyzer_By_Example_3.3_Edition_6_for_Update_Pack_4_1__dd994eef-ab34-4d18-822b-9a96710fa6d6.json,     600,       0,       0,       0,       0
ChildOnboard-Wind_River_Workbench_Code_Coverage_Analyzer_By_Example_3.3_Edition_6_for_Update_Pack_4_1__ec5a0bda-72b5-438a-9be7-c4324ad25a8f.json,     600,       0,       0,       0,       0
ChildOnboard-Wind_River_Workbench_Code_Coverage_Analyzer_By_Example_3.3_Edition_6_for_Update_Pack_4_1__efb6b897-3ffe-4dde-b2f3-d3b090e192b4.json,     600,       0,       0,       0,       0
ChildOnboard-Wind_River_Workbench_Code_Coverage_Analyzer_By_Example_3.3_Edition_6_for_Update_Pack_4_1__f087b9ef-af7d-481c-b15e-ecf29b4dc01b.json,     600,       0,       0,       0,       0
ChildOnboard-Wind_River_Workbench_Code_Coverage_Analyzer_By_Example_3.3_Edition_6_for_Update_Pack_4_1__f19cd3d6-f251-4bf7-994b-39aa76d16d11.json,     600,       0,       0,       0,       0
ChildOnboard-Wind_River_Workbench_Code_Coverage_Analyzer_By_Example_3.3_Edition_6_for_Update_Pack_4_1__f5ef30ed-95b0-4c76-bbae-d8f5e9eb40bf.json,     600,       0,       0,       0,       0
windriver-orch-enus-ENVIRONMENT_DEVELOPMENT-1646239599__d0647be5-78a7-46c0-90b2-33c7a6ca7da5.json,       0,       0,       0,       0,       0
